"AmbiguityType","rt.mean","rt.sd"
"Homonymy",606.946633299204,6.54179633892403
"Polysemy",580.353529244127,2.19333704425759
"Unambiguous",594.315646074088,2.46378822632073
